{"$schema":"https://schema.freqtrade.io/schema.json","strategy":"TaxBrainV29","dry_run":true,"dry_run_wallet":1000,"stake_currency":"USDT","stake_amount":"unlimited","max_open_trades":3,"tradable_balance_ratio":0.99,"timeframe":"5m","startup_candle_count":210,"datadir":"user_data/data","enable_protections":false,"exchange":{"name":"binanceusdm","key":"REDACTED","secret":"REDACTED","ccxt_config":{},"ccxt_async_config":{},"pair_whitelist":["BTC/USDT:USDT","ETH/USDT:USDT"],"pair_blacklist":[]},"pairlists":[{"method":"StaticPairList","pairs":["BTC/USDT:USDT","ETH/USDT:USDT"]}],"timeframes":["5m"],"strategy_params":{"timeframe":"5m","startup_candle_count":210,"adx_len":14,"ema_fast":50,"ema_slow":200,"treasury_fast_split_pct":0.3,"fast_topK_squads":10,"slow_universe_pct":0.9,"breakeven_lock_frac_of_tp":0.5,"breakeven_lock_eps_atr_pct":0.1},"dataprovider":{"freqaimodel":"","fetch_ohlcv_params":{}},"entry_pricing":{"price_side":"same","use_order_book":true,"order_book_top":1},"exit_pricing":{"price_side":"same","use_order_book":true,"order_book_top":1},"trading_mode":"futures","margin_mode":"isolated","config_files":["user_data/configs/v29_backtest.json"],"internals":{}}